Activity Type,Date,Favorite,Title,Distance,Calories,Time,Avg HR,Max HR,Aerobic TE,Avg Cadence,Max Cadence,Avg Pace,Best Pace,Elev Gain,Elev Loss,Avg Stride Length,Avg Vertical Ratio,Avg Vertical Oscillation,Avg Ground Contact Time,Avg GCT Balance,Avg Cadence,Max Cadence,Normalized Power® (NP®),L/R Balance,Training Stress Score®,Max Avg Power (20 min),Power,Max Power,Total Strokes,Avg. Swolf,Avg Stroke Rate,Max Depth,Bottom Time,Min Water Temp,Gas Type,Surface Interval,Decompression,Weight,Current,Surface Conditions,Water Type
running,2018-04-14 07:34:20,false,Rock the Parkway 2018,13.16,1,583,1:33:42,165,183,5.0,169,185,7:07,5:35,525,545,1.34,0.0,0.0,--,--,--,--,--,--,0.0,--,--,--,--,--,--,--,0:00,55.4,--,0:00,No,--,--,--,--
running,2018-04-13 05:16:53,false,Lee's Summit Running,5.12,637,39:56,157,179,3.8,166,175,7:48,6:32,240,253,1.24,0.0,0.0,--,--,--,--,--,--,0.0,--,--,--,--,--,--,--,0:00,69.8,--,0:00,No,--,--,--,--
running,2018-04-12 13:21:27,false,Lee's Summit Running,3.14,370,21:55,164,182,3.4,167,177,6:59,6:06,154,135,1.38,0.0,0.0,--,--,--,--,--,--,0.0,--,--,--,--,--,--,--,0:00,77.0,--,0:00,No,--,--,--,--
running,2018-04-11 14:39:09,false,Lee's Summit Running,6.90,953,57:14,165,187,4.6,160,181,8:18,6:21,787,761,1.21,0.0,0.0,--,--,--,--,--,--,0.0,--,--,--,--,--,--,--,0:00,78.8,--,0:00,No,--,--,--,--
running,2018-04-09 19:58:36,false,Lee's Summit Running,2.00,187,12:56,144,160,2.3,172,182,6:28,5:42,62,105,1.45,0.0,0.0,--,--,--,--,--,--,0.0,--,--,--,--,--,--,--,0:00,62.6,--,0:00,No,--,--,--,--
running,2018-04-06 04:42:38,false,Lee's Summit Running,20.16,"2,457",2:44:11,159,175,4.3,165,222,8:09,6:22,968,984,1.20,0.0,0.0,--,--,--,--,--,--,0.0,--,--,--,--,--,--,--,0:00,48.2,--,0:00,No,--,--,--,--
running,2018-04-04 19:44:22,false,Lee's Summit Running,6.90,910,53:50,165,185,4.9,167,182,7:48,6:28,823,814,1.24,0.0,0.0,--,--,--,--,--,--,0.0,--,--,--,--,--,--,--,0:00,46.4,--,0:00,No,--,--,--,--
running,2018-04-03 15:09:00,false,Treadmill Running,6.60,788,49:30,157,175,4.1,143,172,7:30,7:02,62,92,0.10,0.0,0.0,--,--,--,--,--,--,0.0,--,--,--,--,--,--,--,0:00,71.6,--,0:00,No,--,--,--,--
running,2018-03-31 04:37:49,false,Lee's Summit Running,15.91,"2,093",2:15:28,160,187,5.0,164,174,8:31,7:02,"1,053","1,043",1.15,0.0,0.0,--,--,--,--,--,--,0.0,--,--,--,--,--,--,--,0:00,57.2,--,0:00,No,--,--,--,--
running,2018-03-29 11:55:06,false,Lee's Summit Running,5.11,613,38:14,159,181,3.8,168,181,7:29,5:49,246,240,1.28,0.0,0.0,--,--,--,--,--,--,0.0,--,--,--,--,--,--,--,0:00,53.6,--,0:00,No,--,--,--,--
running,2018-03-28 13:03:21,false,Lee's Summit Running,7.05,894,56:23,158,175,4.1,166,233,8:00,6:27,801,781,1.22,0.0,0.0,--,--,--,--,--,--,0.0,--,--,--,--,--,--,--,0:00,57.2,--,0:00,No,--,--,--,--
running,2018-03-27 11:34:18,false,Lee's Summit Running,7.08,832,54:33,155,178,3.8,165,175,7:42,6:02,404,374,1.27,0.0,0.0,--,--,--,--,--,--,0.0,--,--,--,--,--,--,--,0:00,50.0,--,0:00,No,--,--,--,--
running,2018-03-24 05:50:40,false,Lee's Summit Running,22.05,"2,617",3:41:15,149,183,3.7,148,236,10:02,7:10,"1,572","1,749",1.08,0.0,0.0,--,--,--,--,--,--,0.0,--,--,--,--,--,--,--,0:00,55.4,--,0:00,No,--,--,--,--
running,2018-03-22 12:42:27,false,Lee's Summit Running,5.14,641,39:12,164,181,4.1,166,175,7:38,6:13,253,223,1.27,0.0,0.0,--,--,--,--,--,--,0.0,--,--,--,--,--,--,--,0:00,64.4,--,0:00,No,--,--,--,--
running,2018-03-21 12:57:19,false,Lee's Summit Running,8.60,"1,099",1:08:01,163,182,4.9,167,175,7:54,6:20,984,965,1.22,0.0,0.0,--,--,--,--,--,--,0.0,--,--,--,--,--,--,--,0:00,60.8,--,0:00,No,--,--,--,--
running,2018-03-20 15:29:00,false,Treadmill Running,5.06,590,36:30,160,182,3.8,123,174,7:13,7:09,33,43,0.14,0.0,0.0,--,--,--,--,--,--,0.0,--,--,--,--,--,--,--,0:00,69.8,--,0:00,No,--,--,--,--
running,2018-03-19 20:30:18,false,Lee's Summit Running,8.14,966,1:00:23,161,183,4.6,167,176,7:25,6:34,387,410,1.30,0.0,0.0,--,--,--,--,--,--,0.0,--,--,--,--,--,--,--,0:00,50.0,--,0:00,No,--,--,--,--
running,2018-03-15 13:45:23,false,Lee's Summit Running,5.14,652,39:40,166,184,4.3,162,181,7:43,5:09,220,197,1.29,0.0,0.0,--,--,--,--,--,--,0.0,--,--,--,--,--,--,--,0:00,73.4,--,0:00,No,--,--,--,--
running,2018-03-14 13:19:20,false,Lee's Summit Running,7.22,927,59:00,162,179,4.4,164,174,8:10,6:36,879,833,1.20,0.0,0.0,--,--,--,--,--,--,0.0,--,--,--,--,--,--,--,0:00,64.4,--,0:00,No,--,--,--,--
running,2018-03-13 12:16:47,false,Lee's Summit Running,5.10,615,38:03,165,183,4.1,169,181,7:27,6:08,249,236,1.28,0.0,0.0,--,--,--,--,--,--,0.0,--,--,--,--,--,--,--,0:00,50.0,--,0:00,No,--,--,--,--
running,2018-03-12 14:17:40,false,Lee's Summit Running,5.09,628,39:11,164,187,4.1,163,174,7:41,5:29,233,213,1.28,0.0,0.0,--,--,--,--,--,--,0.0,--,--,--,--,--,--,--,0:00,55.4,--,0:00,No,--,--,--,--
running,2018-03-10 06:39:00,false,Treadmill Running,8.50,"1,030",1:08:01,156,179,4.3,130,174,8:00,9:22,361,377,0.15,0.0,0.0,--,--,--,--,--,--,0.0,--,--,--,--,--,--,--,0:00,71.6,--,0:00,No,--,--,--,--
running,2018-03-08 04:29:42,false,Berkeley Running,9.18,"1,172",1:27:19,149,174,3.4,162,175,9:31,6:36,961,968,1.05,0.0,0.0,--,--,--,--,--,--,0.0,--,--,--,--,--,--,--,0:00,62.6,--,0:00,No,--,--,--,--
running,2018-03-07 04:57:47,false,Berkeley Running,13.54,"1,514",2:03:21,142,165,3.2,161,172,9:07,7:25,249,246,1.10,0.0,0.0,--,--,--,--,--,--,0.0,--,--,--,--,--,--,--,0:00,60.8,--,0:00,No,--,--,--,--
running,2018-03-06 05:03:45,false,Berkeley Running,8.13,"1,049",1:18:18,152,177,3.7,157,232,9:38,6:06,"1,234","1,243",1.06,0.0,0.0,--,--,--,--,--,--,0.0,--,--,--,--,--,--,--,0:00,57.2,--,0:00,No,--,--,--,--
running,2018-03-03 11:39:46,false,Lee's Summit Running,14.68,"1,929",2:05:32,164,182,5.0,161,171,8:33,6:10,810,758,1.17,0.0,0.0,--,--,--,--,--,--,0.0,--,--,--,--,--,--,--,0:00,64.4,--,0:00,No,--,--,--,--
running,2018-03-01 13:13:16,false,Lee's Summit Running,5.11,605,39:20,163,180,4.1,165,175,7:42,6:04,240,243,1.27,0.0,0.0,--,--,--,--,--,--,0.0,--,--,--,--,--,--,--,0:00,57.2,--,0:00,No,--,--,--,--
running,2018-02-28 13:42:11,false,Lee's Summit Running,5.13,641,41:37,163,182,4.1,162,173,8:07,6:13,233,220,1.23,0.0,0.0,--,--,--,--,--,--,0.0,--,--,--,--,--,--,--,0:00,64.4,--,0:00,No,--,--,--,--
running,2018-02-27 12:48:08,false,Lee's Summit Running,5.14,714,47:21,162,175,3.9,157,172,9:12,6:47,272,236,1.11,0.0,0.0,--,--,--,--,--,--,0.0,--,--,--,--,--,--,--,0:00,69.8,--,0:00,No,--,--,--,--
running,2018-02-26 14:09:20,false,Lee's Summit Running,11.01,"1,332",1:39:27,157,178,4.9,156,176,9:02,6:54,577,620,1.14,0.0,0.0,--,--,--,--,--,--,0.0,--,--,--,--,--,--,--,0:00,69.8,--,0:00,No,--,--,--,--
running,2018-02-22 13:40:00,false,Treadmill Running,5.00,576,35:20,167,185,4.2,137,176,7:04,6:57,89,43,0.08,0.0,0.0,--,--,--,--,--,--,0.0,--,--,--,--,--,--,--,0:00,68.0,--,0:00,No,--,--,--,--
running,2018-02-21 12:46:00,false,Treadmill Running,7.00,801,1:00:00,145,163,3.3,147,171,8:34,10:43,36,13,0.10,0.0,0.0,--,--,--,--,--,--,0.0,--,--,--,--,--,--,--,0:00,73.4,--,0:00,No,--,--,--,--
running,2018-02-20 06:34:00,false,Treadmill Running,5.00,601,37:30,158,180,3.9,128,182,7:30,7:27,52,85,0.10,0.0,0.0,--,--,--,--,--,--,0.0,--,--,--,--,--,--,--,0:00,71.6,--,0:00,No,--,--,--,--
running,2018-02-19 17:35:00,false,Treadmill Running,4.25,438,30:00,153,177,3.3,130,178,7:04,6:37,43,49,0.11,0.0,0.0,--,--,--,--,--,--,0.0,--,--,--,--,--,--,--,0:00,69.8,--,0:00,No,--,--,--,--
running,2018-02-17 06:33:00,false,Treadmill Running,19.00,"2,323",2:32:00,164,190,5.0,144,174,8:00,7:45,466,505,0.15,0.0,0.0,--,--,--,--,--,--,0.0,--,--,--,--,--,--,--,0:00,71.6,--,0:00,No,--,--,--,--
running,2018-02-15 13:08:56,false,Lees Summit Running,5.66,680,44:24,164,188,4.3,166,183,7:51,5:46,348,335,1.23,0.0,0.0,--,--,--,--,--,--,0.0,--,--,--,--,--,--,--,0:00,71.6,--,0:00,No,--,--,--,--
running,2018-02-14 13:35:46,false,Lees Summit Running,7.10,834,56:16,162,180,4.5,167,175,7:56,6:35,384,361,1.21,0.0,0.0,--,--,--,--,--,--,0.0,--,--,--,--,--,--,--,0:00,57.2,--,0:00,No,--,--,--,--
running,2018-02-13 14:19:50,false,Lees Summit Running,5.13,552,38:20,162,184,3.9,167,176,7:29,6:17,253,233,1.29,0.0,0.0,--,--,--,--,--,--,0.0,--,--,--,--,--,--,--,0:00,57.2,--,0:00,No,--,--,--,--
running,2018-02-10 08:48:55,false,Lees Summit Running,14.00,"1,518",2:00:00,152,175,3.7,140,175,8:34,12:27,144,144,0.11,0.0,0.0,--,--,--,--,--,--,0.0,--,--,--,--,--,--,--,0:00,71.6,--,0:00,No,--,--,--,--
running,2018-02-08 07:52:00,false,Lees Summit Running,3.50,373,30:00,142,169,2.9,136,172,8:34,18:33,72,72,0.09,0.0,0.0,--,--,--,--,--,--,0.0,--,--,--,--,--,--,--,0:00,69.8,--,0:00,No,--,--,--,--
running,2018-02-07 12:16:00,false,Lees Summit Running,7.00,895,1:00:00,165,183,4.9,157,169,8:34,24:47,23,7,0.10,0.0,0.0,--,--,--,--,--,--,0.0,--,--,--,--,--,--,--,0:00,69.8,--,0:00,No,--,--,--,--
running,2018-02-06 12:12:00,false,Lees Summit Running,4.40,481,35:00,153,168,3.4,159,178,7:57,6:28,56,43,0.06,0.0,0.0,--,--,--,--,--,--,0.0,--,--,--,--,--,--,--,0:00,68.0,--,0:00,No,--,--,--,--
running,2018-02-03 11:31:00,false,Lees Summit Running,17.50,"2,002",2:30:00,156,178,4.5,155,176,8:34,8:13,328,213,0.27,0.0,0.0,--,--,--,--,--,--,0.0,--,--,--,--,--,--,--,0:00,73.4,--,0:00,No,--,--,--,--
running,2018-02-01 13:40:00,false,Lees Summit Running,4.00,435,30:00,160,176,3.6,158,172,7:30,10:58,--,10,0.06,0.0,0.0,--,--,--,--,--,--,0.0,--,--,--,--,--,--,--,0:00,69.8,--,0:00,No,--,--,--,--
running,2018-01-31 14:18:00,false,Lees Summit Running,7.00,872,1:00:00,161,179,4.6,150,169,8:34,5:08,26,36,0.10,0.0,0.0,--,--,--,--,--,--,0.0,--,--,--,--,--,--,--,0:00,73.4,--,0:00,No,--,--,--,--
running,2018-01-29 20:42:00,false,Lees Summit Running,3.75,412,30:00,152,162,3.2,158,169,8:00,7:29,--,3,0.08,0.0,0.0,--,--,--,--,--,--,0.0,--,--,--,--,--,--,--,0:00,71.6,--,0:00,No,--,--,--,--
running,2018-01-27 05:52:00,false,Treadmill Running,16.36,"1,866",2:20:00,155,172,4.3,140,173,8:33,8:27,39,92,0.94,0.0,0.0,--,--,--,--,--,--,0.0,--,--,--,--,--,--,--,0:00,77.0,--,0:00,No,--,--,--,--
running,2018-01-25 15:04:00,false,Treadmill Running,4.09,417,29:00,159,179,3.5,134,175,7:06,7:28,135,135,0.10,0.0,0.0,--,--,--,--,--,--,0.0,--,--,--,--,--,--,--,0:00,69.8,--,0:00,No,--,--,--,--
running,2018-01-24 15:15:00,false,Treadmill Running,6.00,649,45:00,160,179,4.3,147,173,7:30,7:11,79,79,0.10,0.0,0.0,--,--,--,--,--,--,0.0,--,--,--,--,--,--,--,0:00,68.0,--,0:00,No,--,--,--,--
running,2018-01-23 14:15:00,false,Treadmill Running,4.22,427,30:00,158,181,3.6,136,171,7:07,11:01,23,36,0.09,0.0,0.0,--,--,--,--,--,--,0.0,--,--,--,--,--,--,--,0:00,69.8,--,0:00,No,--,--,--,--
running,2018-01-19 19:25:23,false,Treadmill Running,15.19,"1,810",2:10:01,159,180,5.0,135,175,8:34,14:10,171,174,0.11,0.0,0.0,--,--,--,--,--,--,0.0,--,--,--,--,--,--,--,0:00,71.6,--,0:00,No,--,--,--,--
running,2018-01-18 12:52:00,false,Treadmill Running,4.02,414,30:02,153,165,3.3,151,176,7:28,10:56,20,7,0.06,0.0,0.0,--,--,--,--,--,--,0.0,--,--,--,--,--,--,--,0:00,69.8,--,0:00,No,--,--,--,--
running,2018-01-17 13:12:00,false,Treadmill Running,6.14,731,52:31,155,171,4.0,153,165,8:33,8:51,20,7,0.07,0.0,0.0,--,--,--,--,--,--,0.0,--,--,--,--,--,--,--,0:00,69.8,--,0:00,No,--,--,--,--
running,2018-01-16 13:54:00,false,Treadmill Running,4.06,465,33:35,154,178,3.5,139,172,8:16,7:18,20,16,0.07,0.0,0.0,--,--,--,--,--,--,0.0,--,--,--,--,--,--,--,0:00,69.8,--,0:00,No,--,--,--,--
running,2018-01-12 06:40:00,false,Treadmill Running,14.12,"2,184",2:01:22,--,--,0.0,--,--,8:36,--,--,--,0.00,0.0,0.0,--,--,--,--,--,--,0.0,--,--,--,--,--,--,--,0:00,0.0,--,0:00,No,--,--,--,--
running,2018-01-10 12:00:00,false,Lees Summit Running,3.06,448,26:25,160,180,3.4,159,177,8:38,6:17,180,157,1.16,0.0,0.0,--,--,--,--,--,--,0.0,--,--,--,--,--,--,--,0:00,73.4,--,0:00,No,--,--,--,--
running,2018-01-09 14:31:25,false,Lees Summit Running,4.77,688,40:15,157,169,3.7,163,171,8:27,7:20,220,213,1.17,0.0,0.0,--,--,--,--,--,--,0.0,--,--,--,--,--,--,--,0:00,53.6,--,0:00,No,--,--,--,--
running,2018-01-08 13:44:45,false,Lees Summit Running,3.11,384,24:31,148,177,3.0,163,176,7:53,6:46,164,164,1.25,0.0,0.0,--,--,--,--,--,--,0.0,--,--,--,--,--,--,--,0:00,59.0,--,0:00,No,--,--,--,--
running,2018-01-06 12:16:47,false,Lees Summit Running,12.55,"1,979",1:57:32,164,184,5.0,157,171,9:22,7:18,771,689,1.09,0.0,0.0,--,--,--,--,--,--,0.0,--,--,--,--,--,--,--,0:00,59.0,--,0:00,No,--,--,--,--
running,2018-01-04 12:14:56,false,Lees Summit Running,3.10,424,25:32,162,185,3.5,158,225,8:14,5:48,174,171,1.23,0.0,0.0,--,--,--,--,--,--,0.0,--,--,--,--,--,--,--,0:00,57.2,--,0:00,No,--,--,--,--
running,2018-01-03 11:21:56,false,Lees Summit Running,5.11,773,44:12,165,178,4.4,161,170,8:39,6:02,240,243,1.15,0.0,0.0,--,--,--,--,--,--,0.0,--,--,--,--,--,--,--,0:00,60.8,--,0:00,No,--,--,--,--
running,2018-01-02 12:01:00,false,Lees Summit Running,3.07,438,26:45,154,170,3.3,160,167,8:43,--,--,--,0.00,0.0,0.0,--,--,--,--,--,--,0.0,--,--,--,--,--,--,--,0:00,55.4,--,0:00,No,--,--,--,--
running,2017-12-27 13:08:57,false,Carrollton Running,9.52,"1,414",1:27:13,158,183,4.4,158,179,9:10,5:56,279,269,1.11,0.0,0.0,--,--,--,--,--,--,0.0,--,--,--,--,--,--,--,0:00,60.8,--,0:00,No,--,--,--,--
running,2017-12-25 11:16:25,false,Carrollton Running,13.33,"2,040",2:08:46,159,173,4.5,158,176,9:40,8:00,495,459,1.06,0.0,0.0,--,--,--,--,--,--,0.0,--,--,--,--,--,--,--,0:00,62.6,--,0:00,No,--,--,--,--
running,2017-12-21 13:21:43,false,Lees Summit Running,3.84,566,36:42,149,164,3.2,156,169,9:34,7:56,180,177,1.08,0.0,0.0,--,--,--,--,--,--,0.0,--,--,--,--,--,--,--,0:00,64.4,--,0:00,No,--,--,--,--
running,2017-12-20 12:17:44,false,Lees Summit Running,3.12,454,28:03,156,173,3.3,160,174,8:59,7:07,144,125,1.12,0.0,0.0,--,--,--,--,--,--,0.0,--,--,--,--,--,--,--,0:00,60.8,--,0:00,No,--,--,--,--
running,2017-12-19 14:06:36,false,Lees Summit Running,3.07,438,26:47,166,184,3.6,157,179,8:43,6:48,171,157,1.16,0.0,0.0,--,--,--,--,--,--,0.0,--,--,--,--,--,--,--,0:00,64.4,--,0:00,No,--,--,--,--
running,2017-12-18 12:33:58,false,Lees Summit Running,3.08,410,26:07,161,180,3.5,158,236,8:29,5:17,171,167,1.20,0.0,0.0,--,--,--,--,--,--,0.0,--,--,--,--,--,--,--,0:00,64.4,--,0:00,No,--,--,--,--
running,2017-12-16 05:19:46,false,Lees Summit Running,10.10,"1,489",1:44:48,156,180,3.9,160,175,10:22,8:19,614,610,0.97,0.0,0.0,--,--,--,--,--,--,0.0,--,--,--,--,--,--,--,0:00,44.6,--,0:00,No,--,--,--,--
running,2017-12-14 20:52:11,false,Lees Summit Running,3.07,427,27:54,159,173,3.4,160,172,9:06,7:17,161,161,1.11,0.0,0.0,--,--,--,--,--,--,0.0,--,--,--,--,--,--,--,0:00,50.0,--,0:00,No,--,--,--,--
running,2017-12-13 12:23:00,false,Lees Summit Running,3.91,604,36:38,168,191,4.4,152,173,9:22,7:06,226,223,1.15,0.0,0.0,--,--,--,--,--,--,0.0,--,--,--,--,--,--,--,0:00,62.6,--,0:00,No,--,--,--,--
running,2017-12-12 06:44:00,false,Lees Summit Running,3.16,434,28:57,155,174,3.3,160,176,9:10,6:27,180,177,1.10,0.0,0.0,--,--,--,--,--,--,0.0,--,--,--,--,--,--,--,0:00,51.8,--,0:00,No,--,--,--,--
running,2017-12-08 07:00:00,false,Phoenix Running,8.02,"1,393",1:51:33,148,181,3.6,122,220,13:55,7:50,"1,181","1,201",0.95,0.0,0.0,--,--,--,--,--,--,0.0,--,--,--,--,--,--,--,0:00,57.2,--,0:00,No,--,--,--,--
running,2017-12-06 06:36:00,false,Phoenix Running,3.12,495,29:59,168,193,3.9,160,172,9:37,6:38,131,141,1.05,0.0,0.0,--,--,--,--,--,--,0.0,--,--,--,--,--,--,--,0:00,66.2,--,0:00,No,--,--,--,--
running,2017-12-05 20:51:00,false,Phoenix Running,4.08,590,37:39,164,187,4.1,156,176,9:14,6:43,95,112,1.11,0.0,0.0,--,--,--,--,--,--,0.0,--,--,--,--,--,--,--,0:00,69.8,--,0:00,No,--,--,--,--
running,2017-12-04 19:44:00,false,Lees Summit Running,3.11,453,28:11,166,181,3.7,159,173,9:04,7:33,167,190,1.11,0.0,0.0,--,--,--,--,--,--,0.0,--,--,--,--,--,--,--,0:00,59.0,--,0:00,No,--,--,--,--
running,2017-12-02 11:25:00,false,Lees Summit Running,9.09,"1,525",1:29:37,172,189,5.0,155,176,9:51,6:52,522,499,1.05,0.0,0.0,--,--,--,--,--,--,0.0,--,--,--,--,--,--,--,0:00,71.6,--,0:00,No,--,--,--,--
running,2017-11-30 18:52:00,false,Lees Summit Running,3.12,444,28:39,159,178,3.5,158,169,9:12,7:41,164,161,1.11,0.0,0.0,--,--,--,--,--,--,0.0,--,--,--,--,--,--,--,0:00,57.2,--,0:00,No,--,--,--,--
running,2017-11-29 09:20:00,false,Lees Summit Running,3.57,489,33:58,153,172,3.4,160,173,9:31,7:20,177,184,1.06,0.0,0.0,--,--,--,--,--,--,0.0,--,--,--,--,--,--,--,0:00,59.0,--,0:00,No,--,--,--,--
running,2017-11-27 07:56:00,false,Lees Summit Running,3.47,472,33:01,158,179,3.6,160,173,9:31,7:14,135,118,1.06,0.0,0.0,--,--,--,--,--,--,0.0,--,--,--,--,--,--,--,0:00,60.8,--,0:00,No,--,--,--,--
running,2017-11-25 08:39:00,false,Lees Summit Running,8.01,"1,212",1:23:01,164,188,5,154,178,10:21,6:43,413,443,1.01,0,0,--,--,--,--,--,--,0,--,--,--,--,--,--,--,0:00,62.6,--,0:00,No,--,--,--,--
running,2017-11-24 11:36:00,false,Lees Summit Running,2.94,442,27:47:00,172,190,4.2,156,173,9:28,7:33,157,138,1.09,0,0,--,--,--,--,--,--,0,--,--,--,--,--,--,--,0:00,75.2,--,0:00,No,--,--,--,--
running,2017-11-22 12:21:00,false,Lees Summit Running,2.5,338,22:34,163,188,3.7,160,172,9:01,7:08,115,89,1.11,0,0,--,--,--,--,--,--,0,--,--,--,--,--,--,--,0:00,66.2,--,0:00,No,--,--,--,--
running,2017-11-21 20:55:00,false,Lees Summit Running,5.08,762,49:26:00,170,191,5,156,175,9:44,6:28,246,236,1.06,0,0,--,--,--,--,--,--,0,--,--,--,--,--,--,--,0:00,44.6,--,0:00,No,--,--,--,--
running,2017-11-11 07:51:00,false,Lees Summit Running,5.11,856,53:57:00,172,191,5,156,169,10:33,8:35,246,240,0.98,0,0,--,--,--,--,--,--,0,--,--,--,--,--,--,--,0:00,66.2,--,0:00,No,--,--,--,--
running,2017-11-01 05:52:00,false,Lees Summit Running,5.1,809,54:55:00,164,184,4.4,159,170,10:46,8:17,246,230,0.94,0,0,--,--,--,--,--,--,0,--,--,--,--,--,--,--,0:00,59,--,0:00,No,--,--,--,--
running,2017-10-26 06:21:00,false,Lees Summit Running,5.1,809,59:35:00,156,175,3.8,152,223,11:42,8:47,249,233,0.91,0,0,--,--,--,--,--,--,0,--,--,--,--,--,--,--,0:00,64.4,--,0:00,No,--,--,--,--
running,2017-10-21 06:21:00,false,Lees Summit Running,11.47,"2,036",2:20:51,162,186,5,142,226,12:17,9:18,686,689,0.92,0,0,--,--,--,--,--,--,0,--,--,--,--,--,--,--,0:00,75.2,--,0:00,No,--,--,--,--
running,2017-10-16 19:50:00,false,Lees Summit Running,11.5,"2,096",2:15:51,167,185,5,141,224,11:49,6:28,656,656,0.97,0,0,--,--,--,--,--,--,0,--,--,--,--,--,--,--,0:00,69.8,--,0:00,No,--,--,--,--
running,2017-10-09 20:12:00,false,Lees Summit Running,7.03,"1,367",1:13:54,171,187,5,152,165,10:31,8:35,344,374,1,0,0,--,--,--,--,--,--,0,--,--,--,--,--,--,--,0:00,77,--,0:00,No,--,--,--,--
running,2017-09-26 06:01:00,false,Lees Summit Running,3.76,490,41:52:00,128,142,2.8,153,167,11:08,8:59,141,157,0.95,0,0,--,--,--,--,--,--,0,--,--,--,--,--,--,--,0:00,68,--,0:00,No,--,--,--,--
running,2017-09-18 21:09:00,false,Lees Summit Running,3.91,587,42:48:00,138,156,3.3,156,165,10:57,9:27,167,164,0.95,0,0,--,--,--,--,--,--,0,--,--,--,--,--,--,--,0:00,73.4,--,0:00,No,--,--,--,--
running,2017-09-16 09:39:00,false,Lees Summit Running,5.08,778,58:52:00,138,151,3,147,185,11:35,6:36,240,246,0.95,0,0,--,--,--,--,--,--,0,--,--,--,--,--,--,--,0:00,78.8,--,0:00,No,--,--,--,--
running,2017-08-31 13:11:00,false,Lees Summit Running,2.5,413,25:56:00,147,159,3.1,157,175,10:22,8:14,98,92,0.99,0,0,--,--,--,--,--,--,0,--,--,--,--,--,--,--,0:00,82.4,--,0:00,No,--,--,--,--
running,2017-08-09 14:28:00,false,Lees Summit Running,1.77,209,17:01,128,152,2,145,236,9:35,6:56,66,66,1.16,0,0,--,--,--,--,--,--,0,--,--,--,--,--,--,--,0:00,82.4,--,0:00,No,--,--,--,--
running,2017-08-08 17:06:00,false,Lees Summit Running,1.79,294,16:31,157,177,2.9,162,180,9:13,6:59,89,72,1.08,0,0,--,--,--,--,--,--,0,--,--,--,--,--,--,--,0:00,80.6,--,0:00,No,--,--,--,--
running,2017-08-07 14:07:00,false,Lees Summit Running,1.83,212,17:30,124,146,1.7,137,237,9:36,5:09,69,66,1.25,0,0,--,--,--,--,--,--,0,--,--,--,--,--,--,--,0:00,80.6,--,0:00,No,--,--,--,--
running,2017-08-02 12:03:00,false,Lees Summit Running,5.07,680,58:53:00,125,151,2.2,138,185,11:36,7:05,207,200,1.01,0,0,--,--,--,--,--,--,0,--,--,--,--,--,--,--,0:00,84.2,--,0:00,No,--,--,--,--
running,2017-07-11 14:32:00,false,Kansas City Running,1.82,253,17:01,140,167,2.4,142,239,9:21,6:22,85,69,1.22,0,0,--,--,--,--,--,--,0,--,--,--,--,--,--,--,0:00,80.6,--,0:00,No,--,--,--,--
running,2017-07-06 12:37:00,false,Kansas City Running,1.96,271,18:01,140,169,2.4,140,232,9:12,5:31,56,66,1.29,0,0,--,--,--,--,--,--,0,--,--,--,--,--,--,--,0:00,82.4,--,0:00,No,--,--,--,--
running,2017-07-03 12:41:00,false,Kansas City Running,3.06,372,29:01:00,131,149,2.1,150,225,9:28,7:26,85,85,1.13,0,0,--,--,--,--,--,--,0,--,--,--,--,--,--,--,0:00,82.4,--,0:00,No,--,--,--,--
running,2017-06-28 12:24:00,false,Kansas City Running,2.81,353,27:25:00,134,158,2.1,139,242,9:45,5:31,102,102,1.16,0,0,--,--,--,--,--,--,0,--,--,--,--,--,--,--,0:00,84.2,--,0:00,No,--,--,--,--
running,2017-06-17 06:20:00,false,Lees Summit Running,4.02,469,46:47:00,111,124,1,153,175,11:38,8:33,174,154,0.9,0,0,--,--,--,--,--,--,0,--,--,--,--,--,--,--,0:00,71.6,--,0:00,No,--,--,--,--
running,2017-06-15 13:41:00,false,Kansas City Running,0.87,133,09:00.8,138,150,1.8,125,223,10:23,7:04,23,43,1.23,0,0,--,--,--,--,--,--,0,--,--,--,--,--,--,--,0:00,89.6,--,0:00,No,--,--,--,--
running,2017-06-15 13:22:00,false,Kansas City Running,2.01,270,18:17,138,151,2.3,162,178,9:06,6:58,82,56,1.09,0,0,--,--,--,--,--,--,0,--,--,--,--,--,--,--,0:00,80.6,--,0:00,No,--,--,--,--
running,2017-06-14 11:32:00,false,Kansas City Running,1.72,214,16:01,135,151,2.1,143,234,9:18,5:51,69,89,1.29,0,0,--,--,--,--,--,--,0,--,--,--,--,--,--,--,0:00,86,--,0:00,No,--,--,--,--
running,2017-06-13 12:57:00,false,Kansas City Running,0.71,93,07:00.9,136,149,1.2,127,186,9:55,5:38,10,23,1.25,0,0,--,--,--,--,--,--,0,--,--,--,--,--,--,--,0:00,87.8,--,0:00,No,--,--,--,--
running,2017-06-13 12:28:00,false,Kansas City Running,3.11,333,28:11:00,130,145,2.2,161,174,9:04,7:28,108,102,1.1,0,0,--,--,--,--,--,--,0,--,--,--,--,--,--,--,0:00,82.4,--,0:00,No,--,--,--,--
running,2017-06-08 11:46:00,false,Kansas City Running,0.75,105,07:02.9,164,177,2.2,135,185,9:21,5:24,16,33,1.24,0,0,--,--,--,--,--,--,0,--,--,--,--,--,--,--,0:00,82.4,--,0:00,No,--,--,--,--
running,2017-06-08 11:17:00,false,Kansas City Running,3.15,432,28:01:00,161,173,3.5,163,171,8:53,6:48,85,69,1.11,0,0,--,--,--,--,--,--,0,--,--,--,--,--,--,--,0:00,80.6,--,0:00,No,--,--,--,--
running,2017-06-07 20:59:00,false,Lees Summit Running,6.28,948,1:00:28,162,173,4.6,161,172,9:38,8:29,292,302,1.04,0,0,--,--,--,--,--,--,0,--,--,--,--,--,--,--,0:00,78.8,--,0:00,No,--,--,--,--
running,2017-06-01 11:28:00,false,Kansas City Running,3.01,454,26:47:00,169,182,3.8,168,181,8:54,5:56,131,135,1.07,0,0,--,--,--,--,--,--,0,--,--,--,--,--,--,--,0:00,82.4,--,0:00,No,--,--,--,--
running,2017-05-31 13:47:00,false,Kansas City Running,3.03,408,25:47:00,161,180,3.5,166,176,8:30,6:29,121,118,1.14,0,0,--,--,--,--,--,--,0,--,--,--,--,--,--,--,0:00,75.2,--,0:00,No,--,--,--,--
running,2017-05-30 12:24:00,false,Kansas City Running,3.02,422,26:04:00,165,177,3.6,167,178,8:39,6:35,121,118,1.12,0,0,--,--,--,--,--,--,0,--,--,--,--,--,--,--,0:00,80.6,--,0:00,No,--,--,--,--
running,2017-05-22 13:25:00,false,Kansas City Running,3.05,447,28:53:00,159,172,3.4,164,174,9:27,7:30,151,151,1.04,0,0,--,--,--,--,--,--,0,--,--,--,--,--,--,--,0:00,77,--,0:00,No,--,--,--,--
running,2017-05-18 12:12:00,false,Kansas City Running,2.28,348,22:34,157,171,3.1,168,177,9:53,8:26,115,112,0.97,0,0,--,--,--,--,--,--,0,--,--,--,--,--,--,--,0:00,80.6,--,0:00,No,--,--,--,--
running,2017-05-16 12:51:00,false,Kansas City Running,2.94,434,27:08:00,160,175,3.4,166,182,9:13,7:17,194,184,0,0,0,--,--,--,--,--,--,0,--,--,--,--,--,--,--,0:00,82.4,--,0:00,No,--,--,--,--
running,2017-05-13 07:30:00,false,Running with the Cows 2017,13.22,"2,065",1:58:52,170,179,5,164,175,9:00,7:20,469,492,0,0,0,--,--,--,--,--,--,0,--,--,--,--,--,--,--,0:00,68,--,0:00,No,--,--,--,--
running,2017-05-11 12:27:00,false,Kansas City Running,2.84,383,23:42,158,178,3.3,166,186,8:21,5:47,135,138,0,0,0,--,--,--,--,--,--,0,--,--,--,--,--,--,--,0:00,66.2,--,0:00,No,--,--,--,--
running,2017-05-10 12:27:00,false,Kansas City Running,2.4,339,19:16,168,187,3.5,164,181,8:02,6:53,108,102,0,0,0,--,--,--,--,--,--,0,--,--,--,--,--,--,--,0:00,80.6,--,0:00,No,--,--,--,--
running,2017-05-09 12:25:00,false,Kansas City Running,2.9,449,25:31:00,167,191,5,156,234,8:48,5:02,131,121,0,0,0,--,--,--,--,--,--,0,--,--,--,--,--,--,--,0:00,80.6,--,0:00,No,--,--,--,--
running,2017-04-22 07:10:00,false,Garmin Marathon,26.3,"3,509",4:21:49,159,193,5,163,234,9:57,7:01,"1,001","1,037",0.99,0,0,--,--,--,--,--,--,0,--,--,--,--,--,--,--,0:00,57.2,--,0:00,No,--,--,--,--
running,2017-04-19 20:08:00,false,Lees Summit Running,3.49,492,30:38:00,162,181,4.2,168,183,8:47,6:37,131,128,1.09,0,0,--,--,--,--,--,--,0,--,--,--,--,--,--,--,0:00,73.4,--,0:00,No,--,--,--,--
running,2017-04-18 21:23:00,false,Treadmill Running,3,435,25:02:00,--,--,0,--,--,8:21,--,--,--,0,0,0,--,--,--,--,--,--,0,--,--,--,--,--,--,--,0:00,0,--,0:00,No,--,--,--,--
running,2017-04-15 14:26:00,false,Lees Summit Running,8,"1,260",1:12:14,--,--,0,163,174,9:02,6:21,264,257,1.09,0,0,--,--,--,--,--,--,0,--,--,--,--,--,--,--,0:00,0,--,0:00,No,--,--,--,--
running,2017-04-13 21:23:00,false,Treadmill Running,4.18,624,35:52:00,--,--,0,--,--,8:35,--,--,--,0,0,0,--,--,--,--,--,--,0,--,--,--,--,--,--,--,0:00,0,--,0:00,No,--,--,--,--
running,2017-04-12 21:03:00,false,Treadmill Running,5.17,771,44:21:00,--,--,0,--,--,8:35,--,--,--,0,0,0,--,--,--,--,--,--,0,--,--,--,--,--,--,--,0:00,0,--,0:00,No,--,--,--,--
running,2017-04-11 20:40:00,false,Treadmill Running,4.01,597,34:20:00,--,--,0,--,--,8:34,--,--,--,0,0,0,--,--,--,--,--,--,0,--,--,--,--,--,--,--,0:00,0,--,0:00,No,--,--,--,--
running,2017-04-08 07:31:00,false,Rock the Parkway 2017,13.1,"1,540",1:49:11,168,179,5,165,212,8:20,5:15,359,351,1.17,0,9.7,219,--,--,--,--,--,0,--,--,--,--,--,--,--,0:00,0,--,0:00,No,--,--,--,--
running,2017-04-06 21:17:00,false,Treadmill Running,3.11,466,26:49:00,--,--,0,--,--,8:37,--,--,--,0,0,0,--,--,--,--,--,--,0,--,--,--,--,--,--,--,0:00,0,--,0:00,No,--,--,--,--
running,2017-04-05 20:32:00,false,Treadmill Running,6.09,877,55:14:00,--,--,0,--,--,9:04,--,--,--,0,0,0,--,--,--,--,--,--,0,--,--,--,--,--,--,--,0:00,0,--,0:00,No,--,--,--,--
running,2017-04-04 21:39:00,false,Treadmill Running,3,453,29:59:00,--,--,0,--,--,10:00,--,--,--,0,0,0,--,--,--,--,--,--,0,--,--,--,--,--,--,--,0:00,0,--,0:00,No,--,--,--,--
running,2017-04-01 04:59:00,false,Lees Summit Running,21.12,"3,402",3:49:17,--,--,0,161,182,10:51,8:00,"1,025","1,027",0.92,0,0,--,--,--,--,--,--,0,--,--,--,--,--,--,--,0:00,0,--,0:00,No,--,--,--,--
running,2017-03-30 21:42:00,false,Treadmill Running,5.05,748,43:02:00,--,--,0,--,--,8:31,--,--,--,0,0,0,--,--,--,--,--,--,0,--,--,--,--,--,--,--,0:00,0,--,0:00,No,--,--,--,--
running,2017-03-29 20:20:00,false,Treadmill Running,8.02,"1,198",1:12:01,--,--,0,--,--,8:59,--,--,--,0,0,0,--,--,--,--,--,--,0,--,--,--,--,--,--,--,0:00,0,--,0:00,No,--,--,--,--
running,2017-03-28 21:09:00,false,Treadmill Running,5.02,748,43:02:00,--,--,0,--,--,8:34,--,--,--,0,0,0,--,--,--,--,--,--,0,--,--,--,--,--,--,--,0:00,0,--,0:00,No,--,--,--,--
running,2017-03-25 13:37:00,false,Lees Summit Running,13.59,"2,134",2:16:01,--,--,0,157,177,10:01,4:57,580,584,1.02,0,0,--,--,--,--,--,--,0,--,--,--,--,--,--,--,0:00,0,--,0:00,No,--,--,--,--
running,2017-03-23 21:00:00,false,Treadmill Running,5.18,772,44:26:00,--,--,0,--,--,8:34,--,--,--,0,0,0,--,--,--,--,--,--,0,--,--,--,--,--,--,--,0:00,0,--,0:00,No,--,--,--,--
running,2017-03-22 20:52:00,false,Treadmill Running,4.99,745,42:50:00,--,--,0,--,--,8:35,--,--,--,0,0,0,--,--,--,--,--,--,0,--,--,--,--,--,--,--,0:00,0,--,0:00,No,--,--,--,--
running,2017-03-21 20:10:00,false,Treadmill Running,5.21,778,44:44:00,--,--,0,--,--,8:35,--,--,--,0,0,0,--,--,--,--,--,--,0,--,--,--,--,--,--,--,0:00,0,--,0:00,No,--,--,--,--
running,2017-03-18 21:08:00,false,Recovery Run,2,290,24:00:00,--,--,0,--,--,12:00,--,--,--,0,0,0,--,--,--,--,--,--,0,--,--,--,--,--,--,--,0:00,0,--,0:00,No,--,--,--,--
running,2017-03-18 05:18:00,false,Lees Summit Running,21.6,"3,374",4:08:00,--,--,0,--,--,11:29,--,--,--,0,0,0,--,--,--,--,--,--,0,--,--,--,--,--,--,--,0:00,0,--,0:00,No,--,--,--,--
running,2017-03-16 20:23:00,false,Treadmill Running,5.11,733,42:09:00,--,--,0,--,--,8:15,--,--,--,0,0,0,--,--,--,--,--,--,0,--,--,--,--,--,--,--,0:00,0,--,0:00,No,--,--,--,--
running,2017-03-15 19:44:00,false,Treadmill Running,8.15,"1,210",1:09:36,--,--,0,--,--,8:32,--,--,--,0,0,0,--,--,--,--,--,--,0,--,--,--,--,--,--,--,0:00,0,--,0:00,No,--,--,--,--
running,2017-03-14 20:09:00,false,Treadmill Running,4.99,733,42:09:00,--,--,0,--,--,8:27,--,--,--,0,0,0,--,--,--,--,--,--,0,--,--,--,--,--,--,--,0:00,0,--,0:00,No,--,--,--,--
running,2017-03-10 04:36:00,false,San Francisco Running,13.11,"2,076",2:21:06,--,--,0,156,199,10:46,3:56,471,492,0.96,0,0,--,--,--,--,--,--,0,--,--,--,--,--,--,--,0:00,0,--,0:00,No,--,--,--,--
running,2017-03-09 06:30:00,false,Treadmill Running,5,740,44:30:00,--,--,0,--,--,8:54,--,--,--,0,0,0,--,--,--,--,--,--,0,--,--,--,--,--,--,--,0:00,0,--,0:00,No,--,--,--,--
running,2017-03-08 20:42:00,false,Treadmill Running,5,571,44:29:00,--,--,0,133,179,8:54,7:35,--,--,1.01,0,0,--,--,--,--,--,--,0,--,--,--,--,--,--,--,0:00,0,--,0:00,No,--,--,--,--
running,2017-03-08 06:02:00,false,Treadmill Running,5.01,748,43:00:00,--,--,0,--,--,8:35,--,--,--,0,0,0,--,--,--,--,--,--,0,--,--,--,--,--,--,--,0:00,0,--,0:00,No,--,--,--,--
running,2017-03-04 04:34:00,false,Kansas City Running,18.02,"2,836",3:26:55,--,--,0,156,181,11:29,9:24,"1,298","1,294",0.9,0,0,--,--,--,--,--,--,0,--,--,--,--,--,--,--,0:00,0,--,0:00,No,--,--,--,--
running,2017-03-02 20:17:00,false,Treadmill Running,5.19,763,43:52:00,--,--,0,--,--,8:27,--,--,--,0,0,0,--,--,--,--,--,--,0,--,--,--,--,--,--,--,0:00,0,--,0:00,No,--,--,--,--
running,2017-03-01 19:52:00,false,Treadmill Running,8,"1,136",1:05:20,--,--,0,--,--,8:10,--,--,--,0,0,0,--,--,--,--,--,--,0,--,--,--,--,--,--,--,0:00,0,--,0:00,No,--,--,--,--
running,2017-02-28 20:01:00,false,Treadmill Running,5.13,764,43:56:00,--,--,0,--,--,8:34,--,--,--,0,0,0,--,--,--,--,--,--,0,--,--,--,--,--,--,--,0:00,0,--,0:00,No,--,--,--,--
running,2017-02-25 06:38:00,false,Treadmill Running,13.1,639,2:08:04,--,--,0,107,181,9:47,7:16,--,--,0.59,0,0,--,--,--,--,--,--,0,--,--,--,--,--,--,--,0:00,0,--,0:00,No,--,--,--,--
running,2017-02-23 21:24:00,false,Treadmill Running,4.19,608,34:59:00,--,--,0,--,--,8:21,--,--,--,0,0,0,--,--,--,--,--,--,0,--,--,--,--,--,--,--,0:00,0,--,0:00,No,--,--,--,--
running,2017-02-22 19:28:00,false,Treadmill Running,8.08,"1,164",1:10:00,--,--,0,--,--,8:40,--,--,--,0,0,0,--,--,--,--,--,--,0,--,--,--,--,--,--,--,0:00,0,--,0:00,No,--,--,--,--
running,2017-02-21 19:29:00,false,Treadmill Running,4.02,615,30:09:00,--,--,0,--,--,7:30,--,--,--,0,0,0,--,--,--,--,--,--,0,--,--,--,--,--,--,--,0:00,0,--,0:00,No,--,--,--,--
running,2017-02-18 06:59:00,false,Lees Summit Running,13.1,"2,076",2:07:43,--,--,0,162,177,9:45,7:46,659,666,1.02,0,0,--,--,--,--,--,--,0,--,--,--,--,--,--,--,0:00,0,--,0:00,No,--,--,--,--
running,2017-02-16 19:29:00,false,Treadmill Running,2.37,353,20:18,--,--,0,--,--,8:34,--,--,--,0,0,0,--,--,--,--,--,--,0,--,--,--,--,--,--,--,0:00,0,--,0:00,No,--,--,--,--
running,2017-02-15 19:57:00,false,Treadmill Running,5.09,736,42:19:00,--,--,0,--,--,8:19,--,--,--,0,0,0,--,--,--,--,--,--,0,--,--,--,--,--,--,--,0:00,0,--,0:00,No,--,--,--,--
running,2017-02-14 19:33:00,false,Treadmill Running,4.21,614,35:19:00,--,--,0,--,--,8:23,--,--,--,0,0,0,--,--,--,--,--,--,0,--,--,--,--,--,--,--,0:00,0,--,0:00,No,--,--,--,--
running,2017-02-11 05:02:00,false,Lees Summit Running,15.08,"1,795",2:41:01,146,162,3.8,163,185,10:41,6:35,727,724,0.93,0,8.2,237,--,--,--,--,--,0,--,--,--,--,--,--,--,0:00,0,--,0:00,No,--,--,--,--
running,2017-02-09 19:40:00,false,Treadmill Running,4.11,583,33:33:00,--,--,0,--,--,8:10,--,--,--,0,0,0,--,--,--,--,--,--,0,--,--,--,--,--,--,--,0:00,0,--,0:00,No,--,--,--,--
running,2017-02-08 21:59:00,false,Treadmill Running,7.09,"1,045",1:00:08,--,--,0,--,--,8:29,--,--,--,0,0,0,--,--,--,--,--,--,0,--,--,--,--,--,--,--,0:00,0,--,0:00,No,--,--,--,--
running,2017-02-04 20:24:00,false,Treadmill Running,13.1,"1,905",2:00:00,--,--,0,--,--,9:10,--,--,--,0,0,0,--,--,--,--,--,--,0,--,--,--,--,--,--,--,0:00,0,--,0:00,No,--,--,--,--
running,2017-02-02 21:46:00,false,Treadmill Running,4.13,616,35:27:00,--,--,0,--,--,8:34,--,--,--,0,0,0,--,--,--,--,--,--,0,--,--,--,--,--,--,--,0:00,0,--,0:00,No,--,--,--,--
running,2017-02-01 19:43:00,false,Treadmill Running,7.32,"1,091",1:02:45,--,--,0,--,--,8:34,--,--,--,0,0,0,--,--,--,--,--,--,0,--,--,--,--,--,--,--,0:00,0,--,0:00,No,--,--,--,--
running,2017-01-31 19:50:00,false,Treadmill Running,4.06,603,34:46:00,--,--,0,--,--,8:34,--,--,--,0,0,0,--,--,--,--,--,--,0,--,--,--,--,--,--,--,0:00,0,--,0:00,No,--,--,--,--
running,2017-01-28 20:08:00,false,Treadmill Running,9,"1,341",1:17:10,--,--,0,--,--,8:34,--,--,--,0,0,0,--,--,--,--,--,--,0,--,--,--,--,--,--,--,0:00,0,--,0:00,No,--,--,--,--
running,2017-01-26 20:41:00,false,Treadmill Running,3,12,23:30,--,--,0,93,182,7:50,9:24,--,--,0.24,0,0,--,--,--,--,--,--,0,--,--,--,--,--,--,--,0:00,0,--,0:00,No,--,--,--,--
running,2017-01-25 20:40:00,false,Treadmill Running,5,750,42:50:00,--,--,0,117,174,8:34,3:00,--,--,0.21,0,0,--,--,--,--,--,--,0,--,--,--,--,--,--,--,0:00,0,--,0:00,No,--,--,--,--
running,2017-01-24 19:36:00,false,Treadmill Running,3.5,520,30:00:00,--,--,0,106,177,8:34,7:29,--,--,0.5,0,0,--,--,--,--,--,--,0,--,--,--,--,--,--,--,0:00,0,--,0:00,No,--,--,--,--
running,2017-01-21 13:59:00,false,Treadmill Running,10,"1,459",1:36:30,--,--,0,--,--,9:39,--,--,--,0,0,0,--,--,--,--,--,--,0,--,--,--,--,--,--,--,0:00,0,--,0:00,No,--,--,--,--
running,2017-01-18 23:34:00,false,Treadmill Running,3,450,22:30,--,--,0,--,--,7:30,--,--,--,0,0,0,--,--,--,--,--,--,0,--,--,--,--,--,--,--,0:00,0,--,0:00,No,--,--,--,--
running,2017-01-17 20:25:00,false,Treadmill Running,6,970,51:00:00,--,--,0,--,--,8:30,--,--,--,0,0,0,--,--,--,--,--,--,0,--,--,--,--,--,--,--,0:00,0,--,0:00,No,--,--,--,--
running,2017-01-16 17:48:00,false,Treadmill Running,3,440,22:30,--,--,0,--,--,7:30,--,--,--,0,0,0,--,--,--,--,--,--,0,--,--,--,--,--,--,--,0:00,0,--,0:00,No,--,--,--,--
running,2017-01-14 05:43:00,false,Treadmill Running,7.25,113,1:02:19,--,--,0,98,178,8:36,7:58,--,--,0.34,0,0,--,--,--,--,--,--,0,--,--,--,--,--,--,--,0:00,0,--,0:00,No,--,--,--,--
running,2017-01-12 20:33:00,false,Treadmill Running,3,445,22:30,--,--,0,82,183,7:30,8:00,--,--,0.19,0,0,--,--,--,--,--,--,0,--,--,--,--,--,--,--,0:00,0,--,0:00,No,--,--,--,--
running,2017-01-11 22:19:00,false,Treadmill Running,6,25,52:00:00,--,--,0,98,181,8:40,3:21,--,--,0.2,0,0,--,--,--,--,--,--,0,--,--,--,--,--,--,--,0:00,0,--,0:00,No,--,--,--,--
running,2017-01-10 20:10:00,false,Treadmill Running,3,16,22:33,--,--,0,92,181,7:31,2:06,--,--,0.22,0,0,--,--,--,--,--,--,0,--,--,--,--,--,--,--,0:00,0,--,0:00,No,--,--,--,--
running,2017-01-07 16:46:00,false,Treadmill Running,5.82,21,50:00:00,--,--,0,105,232,8:35,--,--,--,0.15,0,0,--,--,--,--,--,--,0,--,--,--,--,--,--,--,0:00,0,--,0:00,No,--,--,--,--
running,2017-01-05 20:51:00,false,Treadmill Running,3,446,23:31,--,--,0,111,180,7:50,18:12,--,--,0.14,0,0,--,--,--,--,--,--,0,--,--,--,--,--,--,--,0:00,0,--,0:00,No,--,--,--,--
running,2017-01-04 22:18:00,false,Treadmill Running,5.26,16,45:01:00,--,--,0,133,236,8:33,8:27,--,--,0.14,0,0,--,--,--,--,--,--,0,--,--,--,--,--,--,--,0:00,0,--,0:00,No,--,--,--,--
running,2017-01-03 20:34:00,false,Treadmill Running,1,73,07:34.9,--,--,0,93,183,7:35,7:06,--,--,1.08,0,0,--,--,--,--,--,--,0,--,--,--,--,--,--,--,0:00,0,--,0:00,No,--,--,--,--
running,2016-12-31 06:23:00,false,Lees Summit Running,9.53,"1,283",1:38:52,151,169,4,163,177,10:22,1:15,427,424,0.95,0,8.2,279,--,--,--,--,--,0,--,--,--,--,--,--,--,0:00,0,--,0:00,No,--,--,--,--
running,2016-12-29 23:34:00,false,Treadmill Running,3,445,23:52,--,--,0,86,175,7:57,--,--,--,0.2,0,0,--,--,--,--,--,--,0,--,--,--,--,--,--,--,0:00,0,--,0:00,No,--,--,--,--
running,2016-12-28 17:26:00,false,Lees Summit Running,5.17,775,50:01:00,164,177,5,159,188,9:41,5:59,200,187,1.04,0,9.4,289,--,--,--,--,--,0,--,--,--,--,--,--,--,0:00,0,--,0:00,No,--,--,--,--
running,2016-12-27 21:05:00,false,Treadmill Running,3,260,24:13:00,--,--,0,105,177,8:04,7:28,--,--,1.06,0,0,--,--,--,--,--,--,0,--,--,--,--,--,--,--,0:00,0,--,0:00,No,--,--,--,--
running,2016-12-14 21:36:00,false,Treadmill Running,3,8,25:52:00,--,--,0,122,174,8:37,4:14,--,--,0.13,0,0,--,--,--,--,--,--,0,--,--,--,--,--,--,--,0:00,0,--,0:00,No,--,--,--,--
running,2016-12-08 21:44:00,false,Treadmill Running,3,380,25:38:00,--,--,0,137,176,8:33,7:59,--,--,1.12,0,0,--,--,--,--,--,--,0,--,--,--,--,--,--,--,0:00,0,--,0:00,No,--,--,--,--
running,2016-12-06 21:34:00,false,Treadmill Running,2.5,8,20:36,--,--,0,144,175,8:15,6:09,--,--,0.12,0,0,--,--,--,--,--,--,0,--,--,--,--,--,--,--,0:00,0,--,0:00,No,--,--,--,--
running,2016-12-05 20:16:00,false,Treadmill Running,2.5,15,21:22,--,--,0,147,172,8:33,0:51,--,--,0.16,0,0,--,--,--,--,--,--,0,--,--,--,--,--,--,--,0:00,0,--,0:00,No,--,--,--,--
running,2016-11-23 12:05:00,false,Treadmill Running,2.56,334,21:01,--,--,0,147,173,8:13,8:19,--,--,1.12,0,0,--,--,--,--,--,--,0,--,--,--,--,--,--,--,0:00,0,--,0:00,No,--,--,--,--
running,2016-11-01 14:07:00,false,Treadmill Running,1.51,106,10:01,--,--,0,94,198,6:38,6:25,--,--,1.17,0,0,--,--,--,--,--,--,0,--,--,--,--,--,--,--,0:00,0,--,0:00,No,--,--,--,--
running,2016-10-31 13:15:00,false,Treadmill Running,2.55,316,19:11,--,--,0,154,179,7:31,8:04,--,--,1.1,0,0,--,--,--,--,--,--,0,--,--,--,--,--,--,--,0:00,0,--,0:00,No,--,--,--,--
running,2016-10-27 13:24:00,false,Treadmill Running,2.5,343,21:00,--,--,0,156,185,8:24,7:35,--,--,1.13,0,0,--,--,--,--,--,--,0,--,--,--,--,--,--,--,0:00,0,--,0:00,No,--,--,--,--
running,2016-10-26 13:15:00,false,Treadmill Running,2.5,378,20:01,--,--,0,--,--,8:00,--,--,--,0,0,0,--,--,--,--,--,--,0,--,--,--,--,--,--,--,0:00,0,--,0:00,No,--,--,--,--
running,2016-10-25 13:23:00,false,Treadmill Running,2.5,316,21:19,--,--,0,133,181,8:32,7:33,--,--,1.14,0,0,--,--,--,--,--,--,0,--,--,--,--,--,--,--,0:00,0,--,0:00,No,--,--,--,--
running,2016-10-24 13:30:00,false,Treadmill Running,1.7,175,16:00,--,--,0,110,189,9:25,6:28,--,--,1.09,0,0,--,--,--,--,--,--,0,--,--,--,--,--,--,--,0:00,0,--,0:00,No,--,--,--,--
running,2016-10-15 07:05:00,false,Kansas City (Half) Marathon,13.27,"1,368",2:22:06,102,187,3.9,154,201,10:42,5:10,548,559,0.98,0,8.7,267,--,--,--,--,--,0,--,--,--,--,--,--,--,0:00,0,--,0:00,No,--,--,--,--
running,2016-10-14 08:09:00,false,Kansas City Running,3.17,485,30:18:00,175,191,4.5,164,230,9:33,6:13,150,168,1.03,0,9,259,--,--,--,--,--,0,--,--,--,--,--,--,--,0:00,0,--,0:00,No,--,--,--,--
running,2016-10-13 13:36:00,false,Kansas City Running,4.05,641,38:48:00,--,--,0,159,186,9:35,5:29,81,146,1.05,0,0,--,--,--,--,--,--,0,--,--,--,--,--,--,--,0:00,0,--,0:00,No,--,--,--,--
running,2016-10-12 13:15:00,false,Kansas City Running,2.38,350,23:08,--,--,0,--,--,9:43,--,--,--,0,0,0,--,--,--,--,--,--,0,--,--,--,--,--,--,--,0:00,0,--,0:00,No,--,--,--,--
running,2016-09-27 22:26:00,false,Lees Summit Running,2.85,418,27:34:00,164,176,4,157,255,9:40,6:43,42,29,1.06,0,10.5,250,--,--,--,--,--,0,--,--,--,--,--,--,--,0:00,0,--,0:00,No,--,--,--,--
running,2016-09-17 08:10:00,false,Lees Summit Running,7.5,"1,006",1:12:35,166,177,4.6,159,179,9:41,6:19,249,187,1.04,0,10.5,220,--,--,--,--,--,0,--,--,--,--,--,--,--,0:00,0,--,0:00,No,--,--,--,--
running,2016-09-10 13:22:00,false,Lees Summit Running,11.42,"1,380",2:04:30,145,185,4.1,151,191,10:54,4:15,497,494,0.98,0,9.5,221,--,75,--,--,--,0,--,--,--,--,--,--,--,0:00,0,--,0:00,No,--,--,--,--
running,2016-09-06 20:35:00,false,Lees Summit Running,3.41,491,31:34:00,173,184,4.1,158,182,9:15,6:50,85,49,1.1,0,10.1,253,--,78,--,--,--,0,--,--,--,--,--,--,--,0:00,0,--,0:00,No,--,--,--,--
running,2016-09-03 04:43:00,false,Lees Summit Running,12.45,"1,423",2:12:45,108,170,3.9,157,232,10:40,3:28,613,590,0.96,0,9.6,230,--,78,--,--,--,0,--,--,--,--,--,--,--,0:00,0,--,0:00,No,--,--,--,--
running,2016-08-27 05:29:00,false,Lees Summit Running,11.41,"1,437",2:01:31,119,173,3.5,157,191,10:39,7:45,541,538,0.96,0,9.3,246,--,78,--,--,--,0,--,--,--,--,--,--,--,0:00,0,--,0:00,No,--,--,--,--
running,2016-08-13 09:19:00,false,Lees Summit Running,8.45,"1,199",1:42:01,140,193,5,138,185,12:05,6:36,437,442,0.97,0,9.1,275,--,--,--,--,--,0,--,--,--,--,--,--,--,0:00,0,--,0:00,No,--,--,--,--
running,2016-07-18 22:28:00,false,Lees Summit Running,3.48,451,30:27:00,155,169,3.3,161,176,8:45,6:58,61,54,1.14,0,10.5,238,--,--,--,--,--,0,--,--,--,--,--,--,--,0:00,0,--,0:00,No,--,--,--,--
running,2016-07-16 05:36:00,false,Lees Summit Running,12.06,"2,000",2:02:30,--,--,0,163,186,10:09,6:23,520,465,0.97,0,0,--,--,--,--,--,--,0,--,--,--,--,--,--,--,0:00,0,--,0:00,No,--,--,--,--
running,2016-07-13 21:53:00,false,Lees Summit Running,5.11,749,58:38:00,148,166,3.2,152,173,11:28,7:19,230,239,0.93,0,8.1,282,--,--,--,--,--,0,--,--,--,--,--,--,--,0:00,0,--,0:00,No,--,--,--,--
running,2016-07-12 20:46:00,false,Lees Summit Running,3.46,481,29:51:00,164,179,3.9,159,179,8:38,6:09,60,53,1.17,0,10.7,274,--,--,--,--,--,0,--,--,--,--,--,--,--,0:00,0,--,0:00,No,--,--,--,--
running,2016-07-09 05:19:00,false,Lees Summit Running,11.45,"1,539",1:56:00,149,170,3.6,159,175,10:08,7:35,562,572,1,0,9.2,268,--,--,--,--,--,0,--,--,--,--,--,--,--,0:00,0,--,0:00,No,--,--,--,--
running,2016-07-07 21:43:00,false,Lees Summit Running,3.02,441,25:58:00,169,183,4.1,157,179,8:36,4:54,80,77,1.19,0,11.1,264,--,--,--,--,--,0,--,--,--,--,--,--,--,0:00,0,--,0:00,No,--,--,--,--
running,2016-07-06 23:14:00,false,Lees Summit Running,5.14,771,48:28:00,169,181,4.9,155,181,9:26,1:23,196,193,1.1,0,10.4,283,--,--,--,--,--,0,--,--,--,--,--,--,--,0:00,0,--,0:00,No,--,--,--,--
running,2016-07-04 20:59:00,false,Lees Summit Running,2.87,387,27:03:00,163,176,3,160,187,9:25,7:13,20,33,1.07,0,9.8,277,--,--,--,--,--,0,--,--,--,--,--,--,--,0:00,0,--,0:00,No,--,--,--,--
running,2016-06-14 22:43:00,false,Lees Summit Running,2.23,314,20:51,149,166,3,160,185,9:21,7:16,76,38,1.07,0,9.5,281,--,--,--,--,--,0,--,--,--,--,--,--,--,0:00,0,--,0:00,No,--,--,--,--
running,2016-06-11 05:48:00,false,Lees Summit Running,11.41,999,1:59:00,103,164,3,159,178,10:26,6:48,544,544,0.97,0,9.5,234,--,--,--,--,--,0,--,--,--,--,--,--,--,0:00,0,--,0:00,No,--,--,--,--
running,2016-06-04 06:00:00,false,Lees Summit Running,11.41,"1,791",1:58:00,--,--,0,--,--,10:21,--,--,--,0,0,0,--,--,--,--,--,--,0,--,--,--,--,--,--,--,0:00,0,--,0:00,No,--,--,--,--
running,2016-06-02 21:31:00,false,Lees Summit Running,3.87,538,33:16:00,166,181,3.9,158,186,8:36,6:21,73,66,1.18,0,10.4,271,--,--,--,--,--,0,--,--,--,--,--,--,--,0:00,0,--,0:00,No,--,--,--,--
running,2016-05-28 12:59:00,false,Lees Summit Running,11.54,"2,055",2:05:00,171,188,5,151,189,10:50,5:48,506,480,0.99,0,9.2,279,--,--,--,--,--,0,--,--,--,--,--,--,--,0:00,0,--,0:00,No,--,--,--,--
running,2016-05-14 07:30:00,false,Running with the Cows 2016,13.21,"1,754",1:54:11,168,181,5,162,198,8:39,4:46,395,404,1.15,0,9.9,250,--,--,--,--,--,0,--,--,--,--,--,--,--,0:00,0,--,0:00,No,--,--,--,--
running,2016-05-09 20:54:00,false,Lees Summit Running,3.5,407,30:34:00,152,171,3.2,160,181,8:44,4:47,95,80,1.15,0,10,243,--,--,--,--,--,0,--,--,--,--,--,--,--,0:00,0,--,0:00,No,--,--,--,--
running,2016-05-07 08:45:00,false,Color Run (w/ kids),3.05,466,50:33:00,142,176,2.5,135,255,16:33,8:52,294,343,0.72,0,5.5,318,--,--,--,--,--,0,--,--,--,--,--,--,--,0:00,0,--,0:00,No,--,--,--,--
running,2016-05-07 05:36:00,false,Lees Summit Running,5.1,610,46:29:00,145,174,3.4,164,181,9:07,4:36,206,224,1.08,0,9.4,194,--,--,--,--,--,0,--,--,--,--,--,--,--,0:00,0,--,0:00,No,--,--,--,--
running,2016-04-30 21:48:00,false,Lees Summit Running,11.4,"1,546",1:57:53,157,172,3.5,159,180,10:20,5:46,491,401,0.98,0,9.3,227,--,--,--,--,--,0,--,--,--,--,--,--,--,0:00,0,--,0:00,No,--,--,--,--
running,2016-04-23 11:39:00,false,Lees Summit Running,8.7,"1,000",1:24:49,137,181,4.1,156,179,9:45,5:56,391,463,1.05,0,9.8,214,--,--,--,--,--,0,--,--,--,--,--,--,--,0:00,0,--,0:00,No,--,--,--,--
running,2016-04-16 06:46:00,false,Garmin Half Marathon 2016,13.08,"1,920",2:03:17,178,187,5,162,178,9:26,2:11,521,513,1.06,0,9.2,225,--,--,--,--,--,0,--,--,--,--,--,--,--,0:00,0,--,0:00,No,--,--,--,--
running,2016-04-09 07:34:00,false,Rock the Parkway 2016,13.11,"1,916",1:55:20,169,178,5,165,192,8:48,4:38,343,335,1.11,0,9.1,242,--,--,--,--,--,0,--,--,--,--,--,--,--,0:00,0,--,0:00,No,--,--,--,--
running,2016-04-02 21:47:00,false,Lees Summit Running,11.38,"1,554",2:00:15,148,169,3.5,155,180,10:34,6:12,525,528,0.98,0,9.3,265,--,--,--,--,--,0,--,--,--,--,--,--,--,0:00,0,--,0:00,No,--,--,--,--
running,2016-03-26 05:16:00,false,Lees Summit Running,9.52,"1,391",1:39:51,154,172,4.6,160,178,10:29,7:39,480,476,0.96,0,8.4,272,--,--,--,--,--,0,--,--,--,--,--,--,--,0:00,0,--,0:00,No,--,--,--,--
running,2016-03-19 05:14:00,false,Lees Summit Running,11.4,"1,580",1:58:31,153,172,4.2,160,179,10:24,5:09,499,498,0.97,0,8.5,285,--,--,--,--,--,0,--,--,--,--,--,--,--,0:00,0,--,0:00,No,--,--,--,--
running,2016-03-16 21:50:00,false,Lees Summit Running,7.11,991,1:09:00,160,174,5,157,178,9:42,4:04,294,292,1.06,0,9.4,278,--,--,--,--,--,0,--,--,--,--,--,--,--,0:00,0,--,0:00,No,--,--,--,--
running,2016-03-12 21:52:00,false,Lees Summit Running,10.06,"1,455",1:42:08,169,180,5,157,179,10:09,1:54,349,348,1.01,0,9.5,262,--,--,--,--,--,0,--,--,--,--,--,--,--,0:00,0,--,0:00,No,--,--,--,--
running,2016-03-05 04:53:00,false,Lees Summit Running,11.44,"1,491",2:03:53,157,181,4.4,159,186,10:50,6:15,562,555,0.93,0,8.5,260,--,--,--,--,--,0,--,--,--,--,--,--,--,0:00,0,--,0:00,No,--,--,--,--
running,2016-02-20 05:17:00,false,Lees Summit Running,11.5,"1,746",2:07:47,163,178,5,159,178,11:07,5:39,555,566,0.91,0,8.5,279,--,--,--,--,--,0,--,--,--,--,--,--,--,0:00,0,--,0:00,No,--,--,--,--
running,2016-02-15 07:15:00,false,Lees Summit Running,1.75,235,16:22,164,172,3.4,163,175,9:21,4:59,31,46,1.06,0,9,265,--,--,--,--,--,0,--,--,--,--,--,--,--,0:00,0,--,0:00,No,--,--,--,--
running,2016-02-13 16:05:00,false,Lees Summit Running,1.64,280,22:01,154,167,3.1,148,172,13:25,9:04,58,12,0.81,0,7.5,289,--,--,--,--,--,0,--,--,--,--,--,--,--,0:00,0,--,0:00,No,--,--,--,--
running,2016-02-13 14:10:00,false,Lees Summit Running,9.42,"1,353",1:47:00,163,177,5,160,188,11:22,5:51,388,505,0.89,0,7.8,291,--,--,--,--,--,0,--,--,--,--,--,--,--,0:00,0,--,0:00,No,--,--,--,--
running,2016-02-06 14:46:00,false,Lees Summit Running,7.57,"1,189",1:21:39,177,187,5,159,177,10:47,6:01,292,267,0.94,0,8.3,276,--,--,--,--,--,0,--,--,--,--,--,--,--,0:00,0,--,0:00,No,--,--,--,--
running,2016-01-30 13:52:00,false,Lees Summit Running,6.5,"1,029",1:13:33,174,188,5,158,177,11:19,7:34,222,227,0.9,0,8.1,292,--,--,--,--,--,0,--,--,--,--,--,--,--,0:00,0,--,0:00,No,--,--,--,--
running,2016-01-14 21:44:00,false,Lees Summit Running,3.56,544,39:31:00,163,181,5,157,177,11:06,7:49,65,75,0.92,0,8.1,301,--,--,--,--,--,0,--,--,--,--,--,--,--,0:00,0,--,0:00,No,--,--,--,--
running,2015-12-07 21:01:00,false,Lees Summit Running,4,663,44:58:00,170,184,5,157,197,11:14,7:25,113,100,0.91,0,8.2,293,--,--,--,--,--,0,--,--,--,--,--,--,--,0:00,0,--,0:00,No,--,--,--,--
running,2015-09-18 06:27:00,false,Lees Summit Running,3.16,512,36:33:00,160,176,4.9,156,180,11:34,6:51,68,65,0.89,0,8.4,298,--,--,--,--,--,0,--,--,--,--,--,--,--,0:00,0,--,0:00,No,--,--,--,--
running,2015-08-29 06:33:00,false,Lees Summit Running,4,666,43:48:00,169,186,5,158,173,10:57,6:52,98,92,0.93,0,8.3,301,--,--,--,--,--,0,--,--,--,--,--,--,--,0:00,0,--,0:00,No,--,--,--,--
running,2015-08-27 06:18:00,false,Lees Summit Running,3.1,492,33:54:00,159,176,5,159,179,10:56,4:23,83,69,0.92,0,8.1,289,--,--,--,--,--,0,--,--,--,--,--,--,--,0:00,0,--,0:00,No,--,--,--,--
running,2015-06-16 20:44:00,false,Olathe Running,4.32,852,51:13:00,173,191,5,144,193,11:51,7:25,238,279,0.94,0,8,313,--,--,--,--,--,0,--,--,--,--,--,--,--,0:00,0,--,0:00,No,--,--,--,--
running,2015-05-23 13:56:00,false,Olathe Running,5.6,870,57:41:00,165,188,4.4,158,180,10:18,7:25,312,312,0.99,0,8.5,259,--,--,--,--,--,0,--,--,--,--,--,--,--,0:00,0,--,0:00,No,--,--,--,--
running,2015-05-09 07:32:00,true,Running With The Cows 2015,13.17,"2,051",2:08:01,177,185,5,162,215,9:43,4:21,338,349,1.02,0,8.8,250,--,--,--,--,--,0,--,--,--,--,--,--,--,0:00,0,--,0:00,No,--,--,--,--
running,2015-05-02 07:08:00,false,Olathe Running,11.01,"1,741",1:58:45,162,179,4.4,158,178,10:47,5:43,472,512,0.94,0,8.2,285,--,--,--,--,--,0,--,--,--,--,--,--,--,0:00,0,--,0:00,No,--,--,--,--
running,2015-04-25 21:31:00,false,Olathe Running,6.76,913,1:07:30,148,162,3.4,163,180,9:59,6:55,93,80,0.99,0,8.4,277,--,--,--,--,--,0,--,--,--,--,--,--,--,0:00,0,--,0:00,No,--,--,--,--
running,2015-04-18 06:48:00,true,Garmin Half Marathon 2015,12.99,"1,984",2:05:40,177,186,5,163,187,9:41,7:18,306,320,1.02,0,9.1,217,--,--,--,--,--,0,--,--,--,--,--,--,--,0:00,0,--,0:00,No,--,--,--,--
running,2015-04-14 20:46:00,false,Olathe Running,6.83,989,1:02:56,164,180,5,--,165,9:13,6:21,94,80,372.4,0,0,--,--,--,--,--,--,0,--,--,--,--,--,--,--,0:00,0,--,0:00,No,--,--,--,--
running,2015-04-11 07:35:00,true,Rock the Parkway 2015,13.13,"1,822",2:00:26,174,185,5,166,230,9:11,6:05,325,318,1.06,0,8.7,222,--,--,--,--,--,0,--,--,--,--,--,--,--,0:00,0,--,0:00,No,--,--,--,--
running,2015-04-09 21:19:00,false,Olathe Running,7.05,"1,015",1:08:01,161,185,5,162,186,9:39,2:31,81,76,1.03,0,8.9,270,--,--,--,--,--,0,--,--,--,--,--,--,--,0:00,0,--,0:00,No,--,--,--,--
running,2015-04-07 20:37:00,false,Olathe Running,3.04,467,32:11:00,154,171,4.4,158,178,10:34,8:27,99,88,0.96,0,8.6,284,--,--,--,--,--,0,--,--,--,--,--,--,--,0:00,0,--,0:00,No,--,--,--,--
running,2015-04-04 07:07:00,false,Olathe Running,11.34,"1,903",1:54:20,--,--,0,161,177,10:05,5:48,408,412,0.99,0,0,--,--,--,--,--,--,0,--,--,--,--,--,--,--,0:00,0,--,0:00,No,--,--,--,--
running,2015-03-31 19:42:00,false,Olathe Running,10,"1,601",1:46:21,166,187,5,159,192,10:38,6:41,562,554,0.95,0,8.6,295,--,--,--,--,--,0,--,--,--,--,--,--,--,0:00,0,--,0:00,No,--,--,--,--
running,2015-03-21 15:14:00,false,Olathe Running,9.53,"1,666",1:48:56,171,192,5,149,182,11:26,6:02,683,666,0.95,0,8.9,295,--,--,--,--,--,0,--,--,--,--,--,--,--,0:00,0,--,0:00,No,--,--,--,--
running,2015-03-14 12:04:00,false,Olathe Running,1,181,11:03,170,181,3,156,167,11:03,9:24,104,23,0.93,0,8.9,280,--,--,--,--,--,0,--,--,--,--,--,--,--,0:00,0,--,0:00,No,--,--,--,--
running,2015-03-14 10:51:00,false,Olathe Running,7.66,"1,162",1:11:10,170,187,5,164,187,9:17,6:21,414,477,1.06,0,9.1,270,--,--,--,--,--,0,--,--,--,--,--,--,--,0:00,0,--,0:00,No,--,--,--,--
running,2015-03-12 19:36:00,false,Olathe Running,6.23,990,1:04:11,160,186,5,159,209,10:18,7:21,363,345,0.98,0,8.8,275,--,--,--,--,--,0,--,--,--,--,--,--,--,0:00,0,--,0:00,No,--,--,--,--
running,2015-03-09 20:38:00,false,Olathe Running,3.79,574,37:08:00,161,179,4.7,164,180,9:48,7:09,60,49,1,0,8.3,265,--,--,--,--,--,0,--,--,--,--,--,--,--,0:00,0,--,0:00,No,--,--,--,--
running,2015-02-14 07:09:00,false,Olathe Running,7,"1,039",1:09:51,161,178,4.3,160,255,9:59,4:50,426,400,1.01,0,8.2,285,--,--,--,--,--,0,--,--,--,--,--,--,--,0:00,0,--,0:00,No,--,--,--,--
running,2015-02-07 16:47:00,false,Olathe Running,1.34,243,15:41,161,176,2.8,147,167,11:43,8:41,72,21,0.93,0,8.2,298,--,--,--,--,--,0,--,--,--,--,--,--,--,0:00,0,--,0:00,No,--,--,--,--
running,2015-02-07 15:33:00,false,Olathe Running,7.39,"1,144",1:12:16,166,190,4.8,161,181,9:46,7:45,390,448,1.02,0,8.7,290,--,--,--,--,--,0,--,--,--,--,--,--,--,0:00,0,--,0:00,No,--,--,--,--
running,2015-02-04 21:05:00,false,Olathe Running,3.95,591,38:46:00,159,180,3.7,163,197,9:48,6:42,74,67,1.01,0,7.9,292,--,--,--,--,--,0,--,--,--,--,--,--,--,0:00,0,--,0:00,No,--,--,--,--
running,2015-01-28 15:14:00,false,Olathe Running,5.84,933,57:37:00,167,191,5,161,179,9:52,6:14,316,327,1.01,0,8.4,277,--,--,--,--,--,0,--,--,--,--,--,--,--,0:00,0,--,0:00,No,--,--,--,--
running,2015-01-24 16:38:00,false,Olathe Running,6.24,949,1:02:09,161,182,5,160,179,9:57,6:32,372,363,1.01,0,8.8,286,--,--,--,--,--,0,--,--,--,--,--,--,--,0:00,0,--,0:00,No,--,--,--,--
running,2015-01-20 21:58:00,false,Olathe Running,3.71,521,36:50:00,151,163,3.9,160,199,9:56,5:25,78,65,1.01,0,8.7,297,--,--,--,--,--,0,--,--,--,--,--,--,--,0:00,0,--,0:00,No,--,--,--,--
running,2015-01-17 14:10:00,false,Olathe Running,5.8,917,58:20:00,167,187,5,160,188,10:03,3:23,284,290,1,0,8.6,288,--,--,--,--,--,0,--,--,--,--,--,--,--,0:00,0,--,0:00,No,--,--,--,--
running,2015-01-15 21:26:00,false,Olathe Running,3.91,631,39:38:00,166,179,4.6,159,177,10:09,7:12,73,60,1,0,8.8,303,--,--,--,--,--,0,--,--,--,--,--,--,--,0:00,0,--,0:00,No,--,--,--,--
running,2015-01-13 22:11:00,false,Olathe Running,3.92,631,39:02:00,166,181,4.6,160,176,9:57,8:04,105,93,1.01,0,8.4,300,--,--,--,--,--,0,--,--,--,--,--,--,--,0:00,0,--,0:00,No,--,--,--,--
running,2014-11-22 20:48:00,false,Olathe Running,3.88,569,35:34:00,164,187,4.5,162,186,9:11,5:13,90,81,1.08,0,8.8,278,--,--,--,--,--,0,--,--,--,--,--,--,--,0:00,0,--,0:00,No,--,--,--,--
running,2014-10-18 16:20:00,false,Color Run Lawrence,3.36,639,37:58:00,172,191,4.9,149,207,11:19,5:59,117,115,0.95,0,5.8,285,--,--,--,--,--,0,--,--,--,--,--,--,--,0:00,0,--,0:00,No,--,--,--,--
running,2014-09-24 20:57:00,false,Olathe Running,3.12,464,31:16:00,152,168,3.6,160,180,10:01,5:00,48,78,1.01,0,8.4,284,--,--,--,--,--,0,--,--,--,--,--,--,--,0:00,0,--,0:00,No,--,--,--,--
running,2014-09-16 20:53:00,false,Olathe Running,3.94,559,37:27:00,157,183,4.4,160,184,9:30,6:02,58,45,1.06,0,8.8,263,--,--,--,--,--,0,--,--,--,--,--,--,--,0:00,0,--,0:00,No,--,--,--,--
running,2014-09-05 09:23:00,false,Olathe Running,3.78,551,35:01:00,167,190,3.8,160,185,9:16,6:22,170,145,1.08,0,8.8,289,--,--,--,--,--,0,--,--,--,--,--,--,--,0:00,0,--,0:00,No,--,--,--,--
running,2014-08-23 22:09:00,false,Olathe Running,1.01,115,08:00.6,157,177,2.1,169,195,7:54,5:13,53,40,1.2,0,8.8,255,--,--,--,--,--,0,--,--,--,--,--,--,--,0:00,0,--,0:00,No,--,--,--,--
running,2014-08-22 19:58:00,false,Olathe Running,5.86,909,59:27:00,166,189,4.3,159,184,10:09,7:00,342,346,0.99,0,8.2,263,--,--,--,--,--,0,--,--,--,--,--,--,--,0:00,0,--,0:00,No,--,--,--,--
running,2014-08-18 21:49:00,false,Olathe Running,5.45,824,53:42:00,166,183,4.3,159,193,9:51,5:51,263,259,1.03,0,8.5,281,--,--,--,--,--,0,--,--,--,--,--,--,--,0:00,0,--,0:00,No,--,--,--,--
running,2014-08-15 20:33:00,false,Olathe Running,6.37,989,1:04:36,165,177,3.8,159,247,10:09,5:16,113,109,1,0,8.1,261,--,--,--,--,--,0,--,--,--,--,--,--,--,0:00,0,--,0:00,No,--,--,--,--
running,2014-08-12 20:43:00,false,Olathe Running,5.42,796,53:05:00,165,182,4.1,161,176,9:48,6:54,232,235,1.02,0,8.1,268,--,--,--,--,--,0,--,--,--,--,--,--,--,0:00,0,--,0:00,No,--,--,--,--
running,2014-08-09 20:43:00,false,Olathe Running,5.71,807,58:36:00,161,191,3.6,154,171,10:15,7:26,322,331,1.02,0,8,297,--,--,--,--,--,0,--,--,--,--,--,--,--,0:00,0,--,0:00,No,--,--,--,--
running,2014-08-07 20:38:00,false,Olathe Running,5.71,844,57:09:00,170,193,4.7,154,175,10:01,7:36,331,334,1.05,0,8.9,303,--,--,--,--,--,0,--,--,--,--,--,--,--,0:00,0,--,0:00,No,--,--,--,--
running,2014-08-05 20:20:00,false,Olathe Running,4.62,670,44:21:00,175,192,5,157,179,9:36,7:04,145,136,1.07,0,8.8,290,--,--,--,--,--,0,--,--,--,--,--,--,--,0:00,0,--,0:00,No,--,--,--,--
running,2014-08-02 20:43:00,false,Olathe Running,4.22,571,42:14:00,164,183,4.2,159,178,10:01,6:29,126,125,1.01,0,7.8,272,--,--,--,--,--,0,--,--,--,--,--,--,--,0:00,0,--,0:00,No,--,--,--,--
running,2014-07-25 19:24:00,false,Olathe Running,6.28,"1,029",1:05:30,179,196,5,151,184,10:26,4:05,204,191,1.02,0,8.2,282,--,--,--,--,--,0,--,--,--,--,--,--,--,0:00,0,--,0:00,No,--,--,--,--
running,2014-07-23 21:34:00,false,Olathe Running,4.19,554,39:40:00,169,185,4.7,159,185,9:28,7:00,100,100,1.07,0,8.4,276,--,--,--,--,--,0,--,--,--,--,--,--,--,0:00,0,--,0:00,No,--,--,--,--
running,2014-07-22 20:54:00,false,Olathe Running,3.94,570,37:53:00,177,194,5,156,178,9:37,6:29,80,80,1.08,0,8.7,231,--,--,--,--,--,0,--,--,--,--,--,--,--,0:00,0,--,0:00,No,--,--,--,--
running,2014-07-19 11:34:00,false,Stroller Run,2.9,550,34:23:00,177,192,5,150,255,11:51,5:45,63,49,0.91,0,7.5,276,--,--,--,--,--,0,--,--,--,--,--,--,--,0:00,0,--,0:00,No,--,--,--,--
running,2014-07-18 20:46:00,false,Olathe Running,3.17,439,30:04:00,169,187,5,157,183,9:29,5:18,56,64,1.08,0,8.9,247,--,--,--,--,--,0,--,--,--,--,--,--,--,0:00,0,--,0:00,No,--,--,--,--
running,2014-06-26 20:59:00,false,Olathe Running,3.55,527,35:27:00,174,188,4.7,154,170,9:59,4:05,121,109,1.05,0,8.5,302,--,--,--,--,--,0,--,--,--,--,--,--,--,0:00,0,--,0:00,No,--,--,--,--
running,2014-06-24 21:22:00,false,Olathe Running,3.56,500,36:14:00,168,184,4.2,155,173,10:11,5:59,57,57,1.02,0,8.3,303,--,--,--,--,--,0,--,--,--,--,--,--,--,0:00,0,--,0:00,No,--,--,--,--
running,2014-06-21 13:59:00,false,Stroller Run,2.15,374,29:50:00,156,176,3.3,138,232,13:53,6:51,33,33,0.84,0,6.3,295,--,--,--,--,--,0,--,--,--,--,--,--,--,0:00,0,--,0:00,No,--,--,--,--
running,2014-06-20 19:43:00,false,Stroller Run,2.1,373,25:40:00,171,188,3.9,149,180,12:12,5:53,40,37,0.89,0,7.2,285,--,--,--,--,--,0,--,--,--,--,--,--,--,0:00,0,--,0:00,No,--,--,--,--
running,2014-06-17 21:15:00,false,Olathe Running,4.06,639,45:03:00,170,186,4.7,147,178,11:05,2:21,98,86,0.99,0,8.3,307,--,--,--,--,--,0,--,--,--,--,--,--,--,0:00,0,--,0:00,No,--,--,--,--
running,2014-06-06 21:23:00,false,Olathe Running,2.4,364,31:35:00,154,183,3.1,138,171,13:10,7:58,62,49,0.89,0,6.8,318,--,--,--,--,--,0,--,--,--,--,--,--,--,0:00,0,--,0:00,No,--,--,--,--
running,2014-06-02 21:17:00,false,Olathe Running,4.06,603,43:55:00,170,183,5,149,179,10:49,4:32,86,74,1,0,8.7,311,--,--,--,--,--,0,--,--,--,--,--,--,--,0:00,0,--,0:00,No,--,--,--,--
running,2014-05-31 09:17:00,false,Stroller Run,3.13,582,40:47:00,169,189,5,144,255,13:03,1:54,50,58,0.86,0,7,302,--,--,--,--,--,0,--,--,--,--,--,--,--,0:00,0,--,0:00,No,--,--,--,--
running,2014-05-28 08:08:00,false,Stroller Run,3.82,856,54:17:00,165,181,5,132,188,14:13,3:52,147,137,0.86,0,7.6,326,--,--,--,--,--,0,--,--,--,--,--,--,--,0:00,0,--,0:00,No,--,--,--,--
running,2014-05-26 15:29:00,false,Stroller Run,1.69,261,21:13,--,--,0,34,122,12:30,1:06,33,15,3.79,0,0,--,--,--,--,--,--,0,--,--,--,--,--,--,--,0:00,0,--,0:00,No,--,--,--,--
running,2012-11-22 07:00:00,false,Atlanta Thanksgiving Day Half Marathon 2012,13.1,"2,050",2:04:15,--,--,0,--,--,9:29,--,--,--,0,0,0,--,--,--,--,--,--,0,--,--,--,--,--,--,--,0:00,0,--,0:00,No,--,--,--,--
running,2011-11-24 07:00:00,true,Atlanta Thanksgiving Day Half Marathon 2011,13.1,"2,016",1:51:32,--,--,0,--,--,8:31,--,--,--,0,0,0,--,--,--,--,--,--,0,--,--,--,--,--,--,--,0:00,0,--,0:00,No,--,--,--,--
